s (nm),R (nm) @ -0.116 V
3.5,25.61964078956367
4.222222222222222,23.771488795859405
4.944444444444445,21.87552502693831
5.666666666666666,19.871687877090228
6.388888888888889,17.699512724164954
7.111111111111111,15.315583047700027
7.833333333333333,12.545890022242567
8.555555555555555,8.990940071761123
9.277777777777779,2.3820068694781558
10.0,nan
